Feature,Coefficient,Effect
District_Quận 1,1.1893232075584126,228.49%
District_Hóc Môn,-0.8305805954684785,-56.42%
District_Quận 2,0.8206283079170379,127.19%
District_Bình Thạnh,0.6028934076532905,82.74%
District_Quận 4,0.5448874250765777,72.44%
District_Quận 3,0.5322766209784935,70.28%
District_Phú Nhuận,0.4917504126054721,63.52%
District_Quận 10,0.41395378839529656,51.28%
District_Quận 7,0.4066614421596977,50.18%
District_Quận 5,0.3543762615985233,42.53%
